image_id,product_id,image_name
1,35,team.png
2,25,bayer.png
3,53,bowling.png
4,62,josefinas.png
5,9,village.webp
6,50,formal.png
7,14,mtn_ops.webp
8,17,pantalone.png
9,5,chromatica.webp
10,60,bruno_mars.png
11,2,bears.webp
12,44,shark.webp
13,57,coleman.png
14,41,vanguard.webp
15,11,yearning.webp
16,45,galaxy.png
17,6,gatti.png
18,37,optics.webp
19,26,breeding.webp
20,23,velociti.png
21,4,gaming.webp
22,18,stones.png
23,32,oklahoma.png
24,51,chainlink.webp
25,19,stussy.png
26,58,envy_bloom.png
27,43,carrot_dog.webp
28,22,diamond.webp
29,16,coke.webp
30,56,capsule.webp
31,59,lucky_brand.png
32,29,lady_gaga.webp
33,21,brunswick.png
34,49,vlone.png
35,27,orthopedic.webp
36,55,aligator.webp
37,38,dabear.webp
38,52,talus.webp
39,13,x_scape.webp
40,12,engel.png
41,48,murray.png
42,8,thyme.webp
43,30,blanks.webp
44,61,frog.png
45,40,trousers.png
46,42,wash.png
47,10,fuze.png
48,36,airflow.webp
49,28,flaming_lips.png
50,54,myakki.png
51,20,mexico.webp
52,33,summer.webp
53,47,boba_fett.png
54,31,boredom.webp
55,34,paradise.png
56,39,wrestling.webp
57,7,arche.png
58,63,kickin_bass.webp
59,15,bucket.webp
60,1,unicorn.webp
61,46,medley.webp
62,3,kerplunk.png
63,24,pyke.webp
64,64,badminton.webp
65,45,team.png
66,11,bayer.png
67,48,bowling.png
68,53,josefinas.png
69,49,village.webp
70,28,formal.png
71,9,mtn_ops.webp
72,30,pantalone.png
73,25,chromatica.webp
74,59,bruno_mars.png
75,47,bears.webp
76,29,shark.webp
77,10,coleman.png
78,58,vanguard.webp
79,40,yearning.webp
80,18,galaxy.png
81,3,gatti.png
82,24,optics.webp
83,46,breeding.webp
84,52,velociti.png
85,12,gaming.webp
86,39,stones.png
87,63,oklahoma.png
88,32,chainlink.webp
89,5,stussy.png
90,15,envy_bloom.png
91,22,carrot_dog.webp
92,19,diamond.webp
93,14,coke.webp
94,21,capsule.webp
95,16,lucky_brand.png
96,41,lady_gaga.webp
97,27,brunswick.png
98,35,vlone.png
99,31,orthopedic.webp
100,4,aligator.webp
101,6,dabear.webp
102,43,talus.webp
103,55,x_scape.webp
104,23,engel.png
105,20,murray.png
106,8,thyme.webp
107,13,blanks.webp
108,17,frog.png
109,2,trousers.png
110,60,wash.png
111,37,fuze.png
112,56,airflow.webp
113,61,flaming_lips.png
114,54,myakki.png
115,51,mexico.webp
116,7,summer.webp
117,62,boba_fett.png
118,1,boredom.webp
119,26,paradise.png
120,34,wrestling.webp
121,50,arche.png
122,33,kickin_bass.webp
123,36,bucket.webp
124,44,unicorn.webp
125,64,medley.webp
126,38,kerplunk.png
127,57,pyke.webp
128,42,badminton.webp
129,39,team.png
130,28,bayer.png
131,42,bowling.png
132,17,josefinas.png
133,45,village.webp
134,7,formal.png
135,8,mtn_ops.webp
136,19,pantalone.png
137,51,chromatica.webp
138,50,bruno_mars.png
139,2,bears.webp
140,13,shark.webp
141,53,coleman.png
142,25,vanguard.webp
143,30,yearning.webp
144,58,galaxy.png
145,48,gatti.png
146,29,optics.webp
147,35,breeding.webp
148,47,velociti.png
149,22,gaming.webp
150,6,stones.png
151,61,oklahoma.png
152,44,chainlink.webp
153,26,stussy.png
154,15,envy_bloom.png
155,57,carrot_dog.webp
156,12,diamond.webp
157,20,coke.webp
158,36,capsule.webp
159,3,lucky_brand.png
160,43,lady_gaga.webp
161,46,brunswick.png
162,9,vlone.png
163,24,orthopedic.webp
164,49,aligator.webp
165,62,dabear.webp
166,56,talus.webp
167,37,x_scape.webp
168,54,engel.png
169,16,murray.png
170,27,thyme.webp
171,23,blanks.webp
172,32,frog.png
173,33,trousers.png
174,41,wash.png
175,14,fuze.png
176,52,airflow.webp
177,21,flaming_lips.png
178,1,myakki.png
179,64,mexico.webp
180,34,summer.webp
181,10,boba_fett.png
182,11,boredom.webp
183,31,paradise.png
184,38,wrestling.webp
185,60,arche.png
186,40,kickin_bass.webp
187,5,bucket.webp
188,4,unicorn.webp
189,55,medley.webp
190,63,kerplunk.png
191,59,pyke.webp
192,18,badminton.webp
193,38,team.png
194,32,bayer.png
195,30,bowling.png
196,21,josefinas.png
197,11,village.webp
198,51,formal.png
199,7,mtn_ops.webp
200,45,pantalone.png
201,26,chromatica.webp
202,58,bruno_mars.png
203,28,bears.webp
204,31,shark.webp
205,1,coleman.png
206,14,vanguard.webp
207,24,yearning.webp
208,17,galaxy.png
209,48,gatti.png
210,61,optics.webp
211,2,breeding.webp
212,25,velociti.png
213,35,gaming.webp
214,23,stones.png
215,4,oklahoma.png
216,59,chainlink.webp
217,37,stussy.png
218,54,envy_bloom.png
219,53,carrot_dog.webp
220,60,diamond.webp
221,27,coke.webp
222,29,capsule.webp
223,9,lucky_brand.png
224,39,lady_gaga.webp
225,49,brunswick.png
226,62,vlone.png
227,5,orthopedic.webp
228,36,aligator.webp
229,12,dabear.webp
230,41,talus.webp
231,47,x_scape.webp
232,40,engel.png
233,56,murray.png
234,10,thyme.webp
235,15,blanks.webp
236,63,frog.png
237,13,trousers.png
238,16,wash.png
239,52,fuze.png
240,34,airflow.webp
241,64,flaming_lips.png
242,19,myakki.png
243,43,mexico.webp
244,46,summer.webp
245,57,boba_fett.png
246,18,boredom.webp
247,20,paradise.png
248,8,wrestling.webp
249,6,arche.png
250,42,kickin_bass.webp
251,50,bucket.webp
252,3,unicorn.webp
253,22,medley.webp
254,55,kerplunk.png
255,33,pyke.webp
256,44,badminton.webp
257,25,team.png
258,7,bayer.png
259,51,bowling.png
260,4,josefinas.png
261,36,village.webp
262,61,formal.png
263,29,mtn_ops.webp
264,13,pantalone.png
265,32,chromatica.webp
266,21,bruno_mars.png
267,45,bears.webp
268,38,shark.webp
269,60,coleman.png
270,46,vanguard.webp
271,35,yearning.webp
272,48,galaxy.png
273,53,gatti.png
274,28,optics.webp
275,15,breeding.webp
276,31,velociti.png
277,41,gaming.webp
278,47,stones.png
279,50,oklahoma.png
280,42,chainlink.webp
281,54,stussy.png
282,37,envy_bloom.png
283,39,carrot_dog.webp
284,44,diamond.webp
285,56,coke.webp
286,30,capsule.webp
287,34,lucky_brand.png
288,14,lady_gaga.webp
289,5,brunswick.png
290,3,vlone.png
291,63,orthopedic.webp
292,62,aligator.webp
293,9,dabear.webp
294,52,talus.webp
295,18,x_scape.webp
296,24,engel.png
297,57,murray.png
298,19,thyme.webp
299,16,blanks.webp
300,59,frog.png
301,27,trousers.png
302,49,wash.png
303,1,fuze.png
304,17,airflow.webp
305,20,flaming_lips.png
306,12,myakki.png
307,55,mexico.webp
308,23,summer.webp
309,26,boba_fett.png
310,40,boredom.webp
311,2,paradise.png
312,11,wrestling.webp
313,10,arche.png
314,64,kickin_bass.webp
315,6,bucket.webp
316,43,unicorn.webp
317,33,medley.webp
318,22,kerplunk.png
319,8,pyke.webp
320,58,badminton.webp
321,49,team.png
322,36,bayer.png
323,38,bowling.png
324,1,josefinas.png
325,6,village.webp
326,60,formal.png
327,37,mtn_ops.webp
328,21,pantalone.png
329,7,chromatica.webp
330,39,bruno_mars.png
331,40,bears.webp
332,33,shark.webp
333,56,coleman.png
334,15,vanguard.webp
335,58,yearning.webp
336,30,galaxy.png
337,14,gatti.png
338,63,optics.webp
339,57,breeding.webp
340,8,velociti.png
341,51,gaming.webp
342,28,stones.png
343,43,oklahoma.png
344,61,chainlink.webp
345,16,stussy.png
346,22,envy_bloom.png
347,64,carrot_dog.webp
348,5,diamond.webp
349,17,coke.webp
350,52,capsule.webp
351,4,lucky_brand.png
352,29,lady_gaga.webp
353,25,brunswick.png
354,62,vlone.png
355,54,orthopedic.webp
356,20,aligator.webp
357,3,dabear.webp
358,59,talus.webp
359,13,x_scape.webp
360,32,engel.png
361,10,murray.png
362,47,thyme.webp
363,19,blanks.webp
364,48,frog.png
365,35,trousers.png
366,42,wash.png
367,31,fuze.png
368,27,airflow.webp
369,53,flaming_lips.png
370,12,myakki.png
371,50,mexico.webp
372,46,summer.webp
373,41,boba_fett.png
374,23,boredom.webp
375,24,paradise.png
376,11,wrestling.webp
377,2,arche.png
378,18,kickin_bass.webp
379,26,bucket.webp
380,45,unicorn.webp
381,55,medley.webp
382,9,kerplunk.png
383,34,pyke.webp
384,44,badminton.webp